maintenance_type,avg_downtime
Hydraulics,30.175
Engine,28.529411764705888
Electrical,26.93076923076923
Software,25.3
Avionics,20.249999999999996
